{
  "lang":"en",
  "name":"pipeline",
  "version":"0.0.0",
  "spacy_version":">=3.7.3,<3.8.0",
  "description":"",
  "author":"",
  "email":"",
  "url":"",
  "license":"",
  "spacy_git_version":"e1249d372",
  "vectors":{
    "width":0,
    "vectors":0,
    "keys":0,
    "name":null,
    "mode":"default"
  },
  "labels":{
    "tok2vec":[

    ],
    "ner":[
      "B-DES",
      "B-EMAIL",
      "B-NAME",
      "B-ORG",
      "B-PHOE",
      "B-PHONE",
      "B-WEB",
      "DES",
      "EMAIL",
      "I-DE",
      "I-DES",
      "I-EMAIL",
      "I-NAME",
      "I-OR",
      "I-ORG",
      "I-PHONE",
      "I-WEB",
      "NAME",
      "ORG",
      "PHONE",
      "WEB"
    ]
  },
  "pipeline":[
    "tok2vec",
    "ner"
  ],
  "components":[
    "tok2vec",
    "ner"
  ],
  "disabled":[

  ],
  "performance":{
    "ents_f":0.632183908,
    "ents_p":0.7300884956,
    "ents_r":0.5574324324,
    "ents_per_type":{
      "I-NAME":{
        "p":0.8181818182,
        "r":0.5454545455,
        "f":0.6545454545
      },
      "B-DES":{
        "p":0.5882352941,
        "r":0.625,
        "f":0.6060606061
      },
      "I-DES":{
        "p":0.6666666667,
        "r":0.64,
        "f":0.6530612245
      },
      "B-PHONE":{
        "p":0.6842105263,
        "r":0.7878787879,
        "f":0.7323943662
      },
      "I-PHONE":{
        "p":0.75,
        "r":0.5,
        "f":0.6
      },
      "B-NAME":{
        "p":0.6923076923,
        "r":0.4285714286,
        "f":0.5294117647
      },
      "B-ORG":{
        "p":0.5,
        "r":0.3571428571,
        "f":0.4166666667
      },
      "I-ORG":{
        "p":0.8285714286,
        "r":0.4915254237,
        "f":0.6170212766
      },
      "B-EMAIL":{
        "p":1.0,
        "r":0.7894736842,
        "f":0.8823529412
      },
      "B-WEB":{
        "p":0.8333333333,
        "r":1.0,
        "f":0.9090909091
      },
      "I-EMAIL":{
        "p":0.5,
        "r":0.2,
        "f":0.2857142857
      },
      "ORG":{
        "p":0.0,
        "r":0.0,
        "f":0.0
      },
      "PHONE":{
        "p":0.0,
        "r":0.0,
        "f":0.0
      }
    },
    "tok2vec_loss":553.6645595104,
    "ner_loss":372.5806155707
  }
}