{
  "lang":"en",
  "name":"pipeline",
  "version":"0.0.0",
  "spacy_version":">=3.7.3,<3.8.0",
  "description":"",
  "author":"",
  "email":"",
  "url":"",
  "license":"",
  "spacy_git_version":"e1249d372",
  "vectors":{
    "width":0,
    "vectors":0,
    "keys":0,
    "name":null,
    "mode":"default"
  },
  "labels":{
    "tok2vec":[

    ],
    "ner":[
      "B-DES",
      "B-EMAIL",
      "B-NAME",
      "B-ORG",
      "B-PHOE",
      "B-PHONE",
      "B-WEB",
      "DES",
      "EMAIL",
      "I-DE",
      "I-DES",
      "I-EMAIL",
      "I-NAME",
      "I-OR",
      "I-ORG",
      "I-PHONE",
      "I-WEB",
      "NAME",
      "ORG",
      "PHONE",
      "WEB"
    ]
  },
  "pipeline":[
    "tok2vec",
    "ner"
  ],
  "components":[
    "tok2vec",
    "ner"
  ],
  "disabled":[

  ],
  "performance":{
    "ents_f":0.6642066421,
    "ents_p":0.7317073171,
    "ents_r":0.6081081081,
    "ents_per_type":{
      "B-ORG":{
        "p":0.6875,
        "r":0.3928571429,
        "f":0.5
      },
      "I-NAME":{
        "p":0.7096774194,
        "r":0.6666666667,
        "f":0.6875
      },
      "B-DES":{
        "p":0.5454545455,
        "r":0.75,
        "f":0.6315789474
      },
      "I-DES":{
        "p":0.7727272727,
        "r":0.68,
        "f":0.7234042553
      },
      "B-PHONE":{
        "p":0.7941176471,
        "r":0.8181818182,
        "f":0.8059701493
      },
      "I-PHONE":{
        "p":0.6388888889,
        "r":0.5476190476,
        "f":0.5897435897
      },
      "B-NAME":{
        "p":0.5714285714,
        "r":0.380952381,
        "f":0.4571428571
      },
      "I-ORG":{
        "p":0.8095238095,
        "r":0.5762711864,
        "f":0.6732673267
      },
      "B-EMAIL":{
        "p":0.8888888889,
        "r":0.8421052632,
        "f":0.8648648649
      },
      "B-WEB":{
        "p":0.9,
        "r":0.9,
        "f":0.9
      },
      "I-EMAIL":{
        "p":1.0,
        "r":0.2,
        "f":0.3333333333
      },
      "ORG":{
        "p":0.0,
        "r":0.0,
        "f":0.0
      },
      "PHONE":{
        "p":0.0,
        "r":0.0,
        "f":0.0
      }
    },
    "tok2vec_loss":614.2597443466,
    "ner_loss":1291.4440520724
  }
}